ID,UID,Password,First Name,Last Name,Username,Email,Avatar,Gender,Phone Number,Social Insurance Number,DOB,Employment,,Address,,,,,,,,CreditCard,Subscription
,,,,,,,,,,,,Title,Key Skill,City,Street Name,Street Address,Zip Code,State,Country,Coordinates,,CC Number,Plan,Status,Payment Method,Term
,,,,,,,,,,,,,,,,,,,,Lat,Lng
6752,80abd694-dc70-4921-b736-1cea3d7acfe4,KHa6YXjMS2,Stephania,McClure,stephania.mcclure,stephania.mcclure@email.com,https://robohash.org/nemohicqui.png?size=300x300&set=set1,Non-binary,+66 1-390-008-9557 x72760,573760790,1958-06-03,Customer Hospitality Administrator,Networking skills,West Shad,Hegmann Fields,363 Carol Fort,46249-7487,Minnesota,United States,-8.240676683808474E+01,-3.283457486735071E+01,5236-0088-7766-4944,Diamond,Active,Cheque,Annual
9244,2242080f-17c6-4a4e-be68-89f2974596e0,K9gp5ZVPGR,Sharee,Dickinson,sharee.dickinson,sharee.dickinson@email.com,https://robohash.org/architectovoluptatibustotam.png?size=300x300&set=set1,Genderqueer,+690 (743) 917-3224 x393,770370294,1987-02-12,Retail Architect,Fast learner,Hyonberg,Weissnat Mountains,141 Ronni Courts,46376-8887,Illinois,United States,-6.762250002143635E+01,1.5822626354987506E+02,4279077328330,Premium,Active,Visa checkout,Payment in advance
761,f9bef043-358d-4f10-be75-5f4ff8600b4b,gNnZPJSbuW,Chae,Schneider,chae.schneider,chae.schneider@email.com,https://robohash.org/beataeadipiscimolestiae.png?size=300x300&set=set1,Agender,+1-784 1-120-642-7902,130856099,1987-01-05,Legacy Community-Services Manager,Technical savvy,South Michal,Stamm Fields,195 Barrows Forest,16733,Arizona,United States,-6.415076483189367E+00,-1.522255654125525E+02,6771-8996-3458-4972,Starter,Blocked,Credit card,Annual
7995,ee991e5f-20b3-4be1-97a5-1b9ae84175bc,KN97DOShWZ,Delbert,Stoltenberg,delbert.stoltenberg,delbert.stoltenberg@email.com,https://robohash.org/aperiametfugit.png?size=300x300&set=set1,Genderfluid,+43 (676) 063-0660 x33929,772372959,1959-10-09,Dynamic Administration Strategist,Proactive,Schummborough,Williams Mission,20364 Kim Valleys,25801-7935,Florida,United States,4.281493265174504E+01,7.568402378473007E+01,4435-4649-1838-8005,Student,Idle,WeChat Pay,Annual
1400,fc3bcc2d-6112-47cc-a5db-f263fcc8fad3,lMejYwghPK,Jere,Christiansen,jere.christiansen,jere.christiansen@email.com,https://robohash.org/etinventoreexplicabo.png?size=300x300&set=set1,Agender,+385 (468) 586-5917 x42399,140854720,1987-05-10,Mining Specialist,Problem solving,South Rosendoside,Hahn Prairie,819 Tremblay Station,51308,Maryland,United States,2.550639033765151E+01,4.693690917697785E+01,6771-8956-7014-5322,Platinum,Blocked,Alipay,Annual
1570,26e9c86e-8bad-4dfb-8415-59689186655d,rA9OKjBSUq,Angelo,Schoen,angelo.schoen,angelo.schoen@email.com,https://robohash.org/quidemisteasperiores.png?size=300x300&set=set1,Female,+213 280-596-6654 x019,909531121,1973-07-31,Advertising Supervisor,Leadership,Homenickshire,Harvey Brook,5126 Kyoko Track,79622-8931,New Jersey,United States,-8.512832656708093E+01,-7.215814347649606E+01,5133-7534-1193-7876,Business,Active,Money transfer,Annual
3248,6ed6f2f2-dac4-4999-bf37-f55407b58e8e,TeGWj06Vhn,Whitney,Hills,whitney.hills,whitney.hills@email.com,https://robohash.org/sedsitcumque.png?size=300x300&set=set1,Agender,+995 (816) 145-8529 x88776,458889987,1975-01-04,Global Officer,Technical savvy,Larrymouth,Refugio Drive,2860 Billie Squares,97904,Idaho,United States,3.602910001907725E+01,7.414817868460997E+01,6771-8983-1122-1627,Essential,Pending,Debit card,Annual
7836,e468cb51-e566-4dd6-aaff-fe85942c7275,uKvIZShrTl,Morton,Medhurst,morton.medhurst,morton.medhurst@email.com,https://robohash.org/quiaeosnon.png?size=300x300&set=set1,Male,+27 (410) 056-0501,394582993,1987-05-09,District IT Officer,Teamwork,South Percy,Tim Harbor,697 Cummings Island,49512-0414,Pennsylvania,United States,-7.02439203594178E+01,-1.020233843445712E+02,4842280580151,Essential,Pending,Bitcoins,Monthly
9722,efa96b81-5550-40db-8258-45a6b1d20f98,kD3f2YCvK8,Remona,Rutherford,remona.rutherford,remona.rutherford@email.com,https://robohash.org/quiasolutaconsectetur.png?size=300x300&set=set1,Non-binary,+994 158-023-0217 x38140,444969232,2000-02-09,Legacy Developer,Fast learner,Rathhaven,Gerlach Glens,4918 Julius Ramp,87592,Connecticut,United States,5.060308475303313E+01,7.82307392191637E+01,4582-5056-1297-0950,Basic,Blocked,Visa checkout,Full subscription
2574,00da838e-9a79-494b-a254-9c2f63b5b82c,2EtaJOPRLr,Vicente,Champlin,vicente.champlin,vicente.champlin@email.com,https://robohash.org/recusandaeexcepturirerum.png?size=300x300&set=set1,Genderqueer,+268 1-124-628-0816 x4237,621232552,1961-01-04,Legal Administrator,Leadership,Altenwerthton,Kendrick Meadows,1090 Mueller Village,64372-8384,Oklahoma,United States,-1.8671172225096E+01,1.5617113190758624E+02,5261-0000-7652-5032,Gold,Blocked,Paypal,Payment in advance
1994,66e4cb2f-2161-4b9e-82ee-6d05283c61ed,BKNZQF84Dr,Diedre,Pfannerstill,diedre.pfannerstill,diedre.pfannerstill@email.com,https://robohash.org/omnisidnobis.png?size=300x300&set=set1,Agender,+967 1-468-875-8313 x298,259000495,1994-08-03,Human Hospitality Liaison,Proactive,Elinafurt,Bruen Port,3164 Block Rest,01519,Texas,United States,-7.562048329766179E+01,1.0857981580711731E+02,6771-8954-7059-5064,Diamond,Active,Bitcoins,Annual
3332,f61c5649-60a9-4850-aa71-6928691347f6,90X5fcvtKs,Alfredo,Wehner,alfredo.wehner,alfredo.wehner@email.com,https://robohash.org/accusantiumitaquefugit.png?size=300x300&set=set1,Bigender,+234 (732) 958-3608,775893019,1987-01-17,District Designer,Problem solving,Amparotown,Angel Camp,46687 Tonita Tunnel,04614-4131,Vermont,United States,-2.2113976698627795E+01,-3.1687582936662267E+01,4287802225192,Gold,Active,Alipay,Annual
8429,5cc21206-2033-426e-81e4-954d43af3608,vkJHxaEDZh,Almeta,Heaney,almeta.heaney,almeta.heaney@email.com,https://robohash.org/exercitationemessequo.png?size=300x300&set=set1,Non-binary,+56 1-546-397-5027,539191965,1959-02-11,Administration Engineer,Proactive,Port Will,Lang Drive,59239 Normand Port,83090-4334,Hawaii,United States,-1.4389375176635994E+01,1.163944948984734E+02,4865-0053-8954-3575,Platinum,Blocked,Debit card,Monthly
1649,0497bf26-57b0-4bd4-b3ca-07f0f55d70c8,nswtry3Cb6,Mitchell,Runolfsdottir,mitchell.runolfsdottir,mitchell.runolfsdottir@email.com,https://robohash.org/sitaccusantiumeligendi.png?size=300x300&set=set1,Agender,+39 1-788-218-9907,250094281,1988-06-27,Government Specialist,Organisation,Damonmouth,DuBuque Square,47300 Olson Meadows,34277-5977,Georgia,United States,-5.499984786733218E+01,1.2847372082724803E+02,5158-6347-3664-3938,Premium,Idle,Money transfer,Full subscription
4457,dc20e8d8-7b34-42da-8358-7898d0606ce3,dg15thrNmK,Claudie,Skiles,claudie.skiles,claudie.skiles@email.com,https://robohash.org/omnismollitiaculpa.png?size=300x300&set=set1,Polygender,+1-649 796.738.8580 x3845,497831768,1979-06-14,IT Analyst,Fast learner,Calandrastad,Ward Greens,559 Deckow Unions,28631,Virginia,United States,-5.2188945768448065E+01,-6.098434528928149E+01,4978474364372,Free Trial,Pending,Cash,Payment in advance
1774,cc7bf8a6-5f02-4a23-b636-7927da916602,G0gnXm39E5,Marcelino,Fadel,marcelino.fadel,marcelino.fadel@email.com,https://robohash.org/essesimiliquenecessitatibus.png?size=300x300&set=set1,Non-binary,+673 271.533.5225 x4767,423844224,1993-07-01,Product Officer,Organisation,Marshallview,Quinn Village,8527 Latosha Mall,77709-1475,Mississippi,United States,4.0398981458810084E+01,9.652991041582055E+00,5586-9568-7565-3515,Free Trial,Blocked,WeChat Pay,Monthly
9945,0a8fdd63-e53d-489d-abe3-9089826130da,qL2j1EI9UC,Earline,Dibbert,earline.dibbert,earline.dibbert@email.com,https://robohash.org/consequunturnostrumut.png?size=300x300&set=set1,Agender,+976 (903) 669-8238 x722,229887872,2000-07-15,Dynamic Hospitality Assistant,Organisation,South Leon,Deckow Harbor,3553 Sydney Lodge,52608,Wyoming,United States,1.743628701384509E+01,-1.3192162197676691E+02,4559659698964,Professional,Idle,WeChat Pay,Monthly
4781,209288f7-6704-42a0-a9f3-4e7b85eebadb,4gC5yPl8ir,Filomena,Prosacco,filomena.prosacco,filomena.prosacco@email.com,https://robohash.org/quiseumsoluta.png?size=300x300&set=set1,Genderqueer,+1-758 339-101-1807 x2021,797512951,1992-04-21,Manufacturing Manager,Technical savvy,West Shad,Robbie Locks,714 Hyatt Mountains,69118,New York,United States,3.353212610256115E+01,1.7533200747476053E+02,4123-4410-3069-7809,Diamond,Pending,Paypal,Full subscription
2226,9d90e03c-bdc7-44a6-964d-03106d30abdd,SZWG9BK0bR,Benton,Graham,benton.graham,benton.graham@email.com,https://robohash.org/repellendusnonofficia.png?size=300x300&set=set1,Male,+265 450-237-5364,188831432,1977-11-14,Direct Executive,Proactive,East Yukburgh,Pouros Bridge,3504 Cordia Branch,02153,North Carolina,United States,-6.31761851737855E+01,-7.492779045761877E+01,4894-5866-5952-8599,Standard,Idle,Cash,Payment in advance
5669,ff738472-fed3-4fe5-990a-06f0539906ac,Guav05VkBJ,Suzette,McCullough,suzette.mccullough,suzette.mccullough@email.com,https://robohash.org/sapienteidcommodi.png?size=300x300&set=set1,Polygender,+378 579.624.9937 x3416,402392955,1970-09-01,Administration Architect,Networking skills,Port Jaime,Bertram Junctions,6909 Mueller Light,02361,Arizona,United States,9.088858353151608E-01,1.7858971632382384E+02,4185-7402-9669-9010,Diamond,Idle,Google Pay,Monthly
8379,0718180d-fef7-4ddc-aff9-39ec21e3bf52,vf1xKWX835,Denny,Schimmel,denny.schimmel,denny.schimmel@email.com,https://robohash.org/nisietaliquam.png?size=300x300&set=set1,Bigender,+1-340 (591) 727-9308 x325,321505307,1998-03-29,Corporate Manager,Confidence,Osinskiton,Reatha Park,262 Pablo Plaza,13838,Arizona,United States,5.117330565969152E+01,1.0287979801985426E+02,5237-2695-3244-4861,Professional,Pending,WeChat Pay,Annual
9307,c04e8d2d-e013-4961-9106-0d3a9a485d1e,bQsqxk5FaZ,Cristal,Fadel,cristal.fadel,cristal.fadel@email.com,https://robohash.org/autemetnon.png?size=300x300&set=set1,Female,+880 (148) 390-3977,310268917,1968-06-26,Education Consultant,Self-motivated,O'Reillystad,Jenine Trace,401 VonRueden Viaduct,55899-7472,Hawaii,United States,3.255216010213175E+01,1.0284210291751037E+02,5571-6772-2004-6893,Starter,Idle,Bitcoins,Full subscription
4952,0f9dd68b-6df9-4156-bff7-e66b253679ce,zf8FBdOqG1,Jerrie,Medhurst,jerrie.medhurst,jerrie.medhurst@email.com,https://robohash.org/dignissimosquodillum.png?size=300x300&set=set1,Polygender,+220 1-518-407-1429,783480304,1988-11-02,Education Orchestrator,Self-motivated,West Bryonmouth,Harmony Fall,70393 Virgil Drive,01179-8874,Vermont,United States,-4.232297171089819E+01,-1.5216567413628223E+02,5184-9014-0858-6440,Student,Pending,Bitcoins,Annual
3945,480edbf7-6cbe-4c80-8566-080341cb887b,HzwyGcgCbK,Marx,Kovacek,marx.kovacek,marx.kovacek@email.com,https://robohash.org/esteumaccusamus.png?size=300x300&set=set1,Male,+1-268 (461) 047-1000 x758,355290065,1986-07-25,Accounting Consultant,Proactive,Hipolitoville,McGlynn Mill,26528 Latrice Spring,62760-8709,West Virginia,United States,4.448097791596976E+01,4.934872265863683E+01,4245-3865-7980-6548,Business,Idle,Paypal,Annual
7653,989dcced-be28-4306-9f5a-9d6cd0807a76,iHaF7fzR9J,Dede,Goldner,dede.goldner,dede.goldner@email.com,https://robohash.org/nametvoluptatibus.png?size=300x300&set=set1,Female,+269 (950) 372-1775 x9897,736993528,1963-05-14,Education Designer,Leadership,Hahnton,Rath Motorway,8395 Virgil Springs,15699-6994,Connecticut,United States,4.2407523734630956E+01,-3.555698310346443E+01,5180-4825-3560-2339,Premium,Active,Money transfer,Payment in advance
